USE gestion_salas;

-- Facultades y programas
INSERT INTO facultad (nombre) VALUES ('Ingeniería'), ('Derecho'), ('Ciencias Empresariales');

INSERT INTO programa_academico (nombre_programa, id_facultad, tipo)
VALUES
('Ingeniería Informática', 1, 'grado'),
('Ingeniería Ambiental', 1, 'grado'),
('Maestría en Derecho', 2, 'posgrado'),
('MBA', 3, 'posgrado');

-- Edificios
INSERT INTO edificio (nombre_edificio, direccion, departamento)
VALUES ('Central', 'Av. 8 de Octubre 1234', 'Montevideo'),
       ('San Ignacio', 'Av.8 de Octubre 4321', 'Montevideo');

-- Salas
INSERT INTO sala (nombre_sala, id_edificio, capacidad, tipo_sala)
VALUES ('Sala A', 1, 6, 'libre'),
       ('Sala B', 1, 10, 'libre'),
       ('Sala Posgrado 1', 2, 8, 'posgrado'),
       ('Sala Docente 1', 2, 12, 'docente');

-- Turnos horarios (8 -> 22h)
INSERT INTO turno (hora_inicio, hora_fin)
VALUES ('08:00:00','09:00:00'), ('09:00:00','10:00:00'), ('10:00:00','11:00:00'),
       ('11:00:00','12:00:00'), ('12:00:00','13:00:00'), ('13:00:00','14:00:00'),
       ('14:00:00','15:00:00'), ('15:00:00','16:00:00'), ('16:00:00','17:00:00'),
       ('17:00:00','18:00:00'), ('18:00:00','19:00:00'), ('19:00:00','20:00:00'),
       ('20:00:00','21:00:00'), ('21:00:00','22:00:00');

-- Participantes de prueba
INSERT INTO participante (ci, nombre, apellido, email)
VALUES ('1000001','Ana','Gomez','ana.gomez@example.com'),
       ('1000002','Juan','Perez','juan.perez@example.com'),
       ('1000003','María','Lopez','maria.lopez@example.com');

-- Programas y roles
INSERT INTO participante_programa_academico (ci_participante, id_programa, rol)
VALUES ('1000001', 1, 'alumno'),
       ('1000002', 3, 'docente'),
       ('1000003', 4, 'alumno');


-- Logins (passwords se guardan hasheadas)
INSERT INTO login (correo, password_hash, ci_participante)
VALUES ('ana.gomez@example.com', 'c1ea922bc882d3586346a63d47660230731014e9fc52e3641aee8ec0123c20e4', '1000001'),
       ('juan.perez@example.com', '710d740674c57e0823793e9ca53b8377b504ab44ff3a36dd29129e4841a43dd0', '1000002');


-- Participantes de prueba
INSERT INTO participante (ci, nombre, apellido, email) VALUES
('45678001','Ana','Gomez','ana.gomez001@ucu.edu.uy'),
('45678002','Bruno','Pereira','bruno.pereira002@ucu.edu.uy'),
('45678003','Camila','Rodriguez','camila.rodriguez003@ucu.edu.uy'),
('45678004','Diego','Fernandez','diego.fernandez004@ucu.edu.uy'),
('45678005','Elena','Lopez','elena.lopez005@ucu.edu.uy'),
('45678006','Felipe','Silva','felipe.silva006@ucu.edu.uy'),
('45678007','Gabriel','Martinez','gabriel.martinez007@ucu.edu.uy'),
('45678008','Helena','Sosa','helena.sosa008@ucu.edu.uy'),
('45678009','Ivan','Castro','ivan.castro009@ucu.edu.uy'),
('45678010','Julia','Suarez','julia.suarez010@ucu.edu.uy'),
('45678011','Kevin','Ruiz','kevin.ruiz011@ucu.edu.uy'),
('45678012','Laura','Acosta','laura.acosta012@ucu.edu.uy'),
('45678013','Martin','Molina','martin.molina013@ucu.edu.uy'),
('45678014','Nadia','Ortiz','nadia.ortiz014@ucu.edu.uy'),
('45678015','Oscar','Peralta','oscar.peralta015@ucu.edu.uy'),
('45678016','Paula','Ramos','paula.ramos016@ucu.edu.uy'),
('45678017','Quimey','Guerra','quimey.guerra017@ucu.edu.uy'),
('45678018','Rocio','Fuentes','rocio.fuentes018@ucu.edu.uy'),
('45678019','Santiago','Miranda','santiago.miranda019@ucu.edu.uy'),
('45678020','Tamara','Cardozo','tamara.cardozo020@ucu.edu.uy'),
('45678021','Ana','Gomez','ana.gomez021@ucu.edu.uy'),
('45678022','Bruno','Pereira','bruno.pereira022@ucu.edu.uy'),
('45678023','Camila','Rodriguez','camila.rodriguez023@ucu.edu.uy'),
('45678024','Diego','Fernandez','diego.fernandez024@ucu.edu.uy'),
('45678025','Elena','Lopez','elena.lopez025@ucu.edu.uy'),
('45678026','Felipe','Silva','felipe.silva026@ucu.edu.uy'),
('45678027','Gabriel','Martinez','gabriel.martinez027@ucu.edu.uy'),
('45678028','Helena','Sosa','helena.sosa028@ucu.edu.uy'),
('45678029','Ivan','Castro','ivan.castro029@ucu.edu.uy'),
('45678030','Julia','Suarez','julia.suarez030@ucu.edu.uy'),
('45678031','Kevin','Ruiz','kevin.ruiz031@ucu.edu.uy'),
('45678032','Laura','Acosta','laura.acosta032@ucu.edu.uy'),
('45678033','Martin','Molina','martin.molina033@ucu.edu.uy'),
('45678034','Nadia','Ortiz','nadia.ortiz034@ucu.edu.uy'),
('45678035','Oscar','Peralta','oscar.peralta035@ucu.edu.uy'),
('45678036','Paula','Ramos','paula.ramos036@ucu.edu.uy'),
('45678037','Quimey','Guerra','quimey.guerra037@ucu.edu.uy'),
('45678038','Rocio','Fuentes','rocio.fuentes038@ucu.edu.uy'),
('45678039','Santiago','Miranda','santiago.miranda039@ucu.edu.uy'),
('45678040','Tamara','Cardozo','tamara.cardozo040@ucu.edu.uy'),
('45678041','Ana','Gomez','ana.gomez041@ucu.edu.uy'),
('45678042','Bruno','Pereira','bruno.pereira042@ucu.edu.uy'),
('45678043','Camila','Rodriguez','camila.rodriguez043@ucu.edu.uy'),
('45678044','Diego','Fernandez','diego.fernandez044@ucu.edu.uy'),
('45678045','Elena','Lopez','elena.lopez045@ucu.edu.uy'),
('45678046','Felipe','Silva','felipe.silva046@ucu.edu.uy'),
('45678047','Gabriel','Martinez','gabriel.martinez047@ucu.edu.uy'),
('45678048','Helena','Sosa','helena.sosa048@ucu.edu.uy'),
('45678049','Ivan','Castro','ivan.castro049@ucu.edu.uy'),
('45678050','Julia','Suarez','julia.suarez050@ucu.edu.uy'),
('45678051','Kevin','Ruiz','kevin.ruiz051@ucu.edu.uy'),
('45678052','Laura','Acosta','laura.acosta052@ucu.edu.uy'),
('45678053','Martin','Molina','martin.molina053@ucu.edu.uy'),
('45678054','Nadia','Ortiz','nadia.ortiz054@ucu.edu.uy'),
('45678055','Oscar','Peralta','oscar.peralta055@ucu.edu.uy'),
('45678056','Paula','Ramos','paula.ramos056@ucu.edu.uy'),
('45678057','Quimey','Guerra','quimey.guerra057@ucu.edu.uy'),
('45678058','Rocio','Fuentes','rocio.fuentes058@ucu.edu.uy'),
('45678059','Santiago','Miranda','santiago.miranda059@ucu.edu.uy'),
('45678060','Tamara','Cardozo','tamara.cardozo060@ucu.edu.uy'),
('45678061','Ana','Gomez','ana.gomez061@ucu.edu.uy'),
('45678062','Bruno','Pereira','bruno.pereira062@ucu.edu.uy'),
('45678063','Camila','Rodriguez','camila.rodriguez063@ucu.edu.uy'),
('45678064','Diego','Fernandez','diego.fernandez064@ucu.edu.uy'),
('45678065','Elena','Lopez','elena.lopez065@ucu.edu.uy'),
('45678066','Felipe','Silva','felipe.silva066@ucu.edu.uy'),
('45678067','Gabriel','Martinez','gabriel.martinez067@ucu.edu.uy'),
('45678068','Helena','Sosa','helena.sosa068@ucu.edu.uy'),
('45678069','Ivan','Castro','ivan.castro069@ucu.edu.uy'),
('45678070','Julia','Suarez','julia.suarez070@ucu.edu.uy'),
('45678071','Kevin','Ruiz','kevin.ruiz071@ucu.edu.uy'),
('45678072','Laura','Acosta','laura.acosta072@ucu.edu.uy'),
('45678073','Martin','Molina','martin.molina073@ucu.edu.uy'),
('45678074','Nadia','Ortiz','nadia.ortiz074@ucu.edu.uy'),
('45678075','Oscar','Peralta','oscar.peralta075@ucu.edu.uy'),
('45678076','Paula','Ramos','paula.ramos076@ucu.edu.uy'),
('45678077','Quimey','Guerra','quimey.guerra077@ucu.edu.uy'),
('45678078','Rocio','Fuentes','rocio.fuentes078@ucu.edu.uy'),
('45678079','Santiago','Miranda','santiago.miranda079@ucu.edu.uy'),
('45678080','Tamara','Cardozo','tamara.cardozo080@ucu.edu.uy'),
('45678081','Ana','Gomez','ana.gomez081@ucu.edu.uy'),
('45678082','Bruno','Pereira','bruno.pereira082@ucu.edu.uy'),
('45678083','Camila','Rodriguez','camila.rodriguez083@ucu.edu.uy'),
('45678084','Diego','Fernandez','diego.fernandez084@ucu.edu.uy'),
('45678085','Elena','Lopez','elena.lopez085@ucu.edu.uy'),
('45678086','Felipe','Silva','felipe.silva086@ucu.edu.uy'),
('45678087','Gabriel','Martinez','gabriel.martinez087@ucu.edu.uy'),
('45678088','Helena','Sosa','helena.sosa088@ucu.edu.uy'),
('45678089','Ivan','Castro','ivan.castro089@ucu.edu.uy'),
('45678090','Julia','Suarez','julia.suarez090@ucu.edu.uy'),
('45678091','Kevin','Ruiz','kevin.ruiz091@ucu.edu.uy'),
('45678092','Laura','Acosta','laura.acosta092@ucu.edu.uy'),
('45678093','Martin','Molina','martin.molina093@ucu.edu.uy'),
('45678094','Nadia','Ortiz','nadia.ortiz094@ucu.edu.uy'),
('45678095','Oscar','Peralta','oscar.peralta095@ucu.edu.uy'),
('45678096','Paula','Ramos','paula.ramos096@ucu.edu.uy'),
('45678097','Quimey','Guerra','quimey.guerra097@ucu.edu.uy'),
('45678098','Rocio','Fuentes','rocio.fuentes098@ucu.edu.uy'),
('45678099','Santiago','Miranda','santiago.miranda099@ucu.edu.uy'),
('45678100','Tamara','Cardozo','tamara.cardozo100@ucu.edu.uy'),
('45678101','Ana','Gomez','ana.gomez101@ucu.edu.uy'),
('45678102','Bruno','Pereira','bruno.pereira102@ucu.edu.uy'),
('45678103','Camila','Rodriguez','camila.rodriguez103@ucu.edu.uy'),
('45678104','Diego','Fernandez','diego.fernandez104@ucu.edu.uy'),
('45678105','Elena','Lopez','elena.lopez105@ucu.edu.uy'),
('45678106','Felipe','Silva','felipe.silva106@ucu.edu.uy'),
('45678107','Gabriel','Martinez','gabriel.martinez107@ucu.edu.uy'),
('45678108','Helena','Sosa','helena.sosa108@ucu.edu.uy'),
('45678109','Ivan','Castro','ivan.castro109@ucu.edu.uy'),
('45678110','Julia','Suarez','julia.suarez110@ucu.edu.uy'),
('45678111','Kevin','Ruiz','kevin.ruiz111@ucu.edu.uy'),
('45678112','Laura','Acosta','laura.acosta112@ucu.edu.uy'),
('45678113','Martin','Molina','martin.molina113@ucu.edu.uy'),
('45678114','Nadia','Ortiz','nadia.ortiz114@ucu.edu.uy'),
('45678115','Oscar','Peralta','oscar.peralta115@ucu.edu.uy'),
('45678116','Paula','Ramos','paula.ramos116@ucu.edu.uy'),
('45678117','Quimey','Guerra','quimey.guerra117@ucu.edu.uy'),
('45678118','Rocio','Fuentes','rocio.fuentes118@ucu.edu.uy'),
('45678119','Santiago','Miranda','santiago.miranda119@ucu.edu.uy'),
('45678120','Tamara','Cardozo','tamara.cardozo120@ucu.edu.uy'),
('45678121','Ana','Gomez','ana.gomez121@ucu.edu.uy'),
('45678122','Bruno','Pereira','bruno.pereira122@ucu.edu.uy'),
('45678123','Camila','Rodriguez','camila.rodriguez123@ucu.edu.uy'),
('45678124','Diego','Fernandez','diego.fernandez124@ucu.edu.uy'),
('45678125','Elena','Lopez','elena.lopez125@ucu.edu.uy'),
('45678126','Felipe','Silva','felipe.silva126@ucu.edu.uy'),
('45678127','Gabriel','Martinez','gabriel.martinez127@ucu.edu.uy'),
('45678128','Helena','Sosa','helena.sosa128@ucu.edu.uy'),
('45678129','Ivan','Castro','ivan.castro129@ucu.edu.uy'),
('45678130','Julia','Suarez','julia.suarez130@ucu.edu.uy'),
('45678131','Kevin','Ruiz','kevin.ruiz131@ucu.edu.uy'),
('45678132','Laura','Acosta','laura.acosta132@ucu.edu.uy'),
('45678133','Martin','Molina','martin.molina133@ucu.edu.uy'),
('45678134','Nadia','Ortiz','nadia.ortiz134@ucu.edu.uy'),
('45678135','Oscar','Peralta','oscar.peralta135@ucu.edu.uy'),
('45678136','Paula','Ramos','paula.ramos136@ucu.edu.uy'),
('45678137','Quimey','Guerra','quimey.guerra137@ucu.edu.uy'),
('45678138','Rocio','Fuentes','rocio.fuentes138@ucu.edu.uy'),
('45678139','Santiago','Miranda','santiago.miranda139@ucu.edu.uy'),
('45678140','Tamara','Cardozo','tamara.cardozo140@ucu.edu.uy'),
('45678141','Ana','Gomez','ana.gomez141@ucu.edu.uy'),
('45678142','Bruno','Pereira','bruno.pereira142@ucu.edu.uy'),
('45678143','Camila','Rodriguez','camila.rodriguez143@ucu.edu.uy'),
('45678144','Diego','Fernandez','diego.fernandez144@ucu.edu.uy'),
('45678145','Elena','Lopez','elena.lopez145@ucu.edu.uy'),
('45678146','Felipe','Silva','felipe.silva146@ucu.edu.uy'),
('45678147','Gabriel','Martinez','gabriel.martinez147@ucu.edu.uy'),
('45678148','Helena','Sosa','helena.sosa148@ucu.edu.uy'),
('45678149','Ivan','Castro','ivan.castro149@ucu.edu.uy'),
('45678150','Julia','Suarez','julia.suarez150@ucu.edu.uy'),
('45678151','Kevin','Ruiz','kevin.ruiz151@ucu.edu.uy'),
('45678152','Laura','Acosta','laura.acosta152@ucu.edu.uy'),
('45678153','Martin','Molina','martin.molina153@ucu.edu.uy'),
('45678154','Nadia','Ortiz','nadia.ortiz154@ucu.edu.uy'),
('45678155','Oscar','Peralta','oscar.peralta155@ucu.edu.uy'),
('45678156','Paula','Ramos','paula.ramos156@ucu.edu.uy'),
('45678157','Quimey','Guerra','quimey.guerra157@ucu.edu.uy'),
('45678158','Rocio','Fuentes','rocio.fuentes158@ucu.edu.uy'),
('45678159','Santiago','Miranda','santiago.miranda159@ucu.edu.uy'),
('45678160','Tamara','Cardozo','tamara.cardozo160@ucu.edu.uy'),
('45678161','Ana','Gomez','ana.gomez161@ucu.edu.uy'),
('45678162','Bruno','Pereira','bruno.pereira162@ucu.edu.uy'),
('45678163','Camila','Rodriguez','camila.rodriguez163@ucu.edu.uy'),
('45678164','Diego','Fernandez','diego.fernandez164@ucu.edu.uy'),
('45678165','Elena','Lopez','elena.lopez165@ucu.edu.uy'),
('45678166','Felipe','Silva','felipe.silva166@ucu.edu.uy'),
('45678167','Gabriel','Martinez','gabriel.martinez167@ucu.edu.uy'),
('45678168','Helena','Sosa','helena.sosa168@ucu.edu.uy'),
('45678169','Ivan','Castro','ivan.castro169@ucu.edu.uy'),
('45678170','Julia','Suarez','julia.suarez170@ucu.edu.uy'),
('45678171','Kevin','Ruiz','kevin.ruiz171@ucu.edu.uy'),
('45678172','Laura','Acosta','laura.acosta172@ucu.edu.uy'),
('45678173','Martin','Molina','martin.molina173@ucu.edu.uy'),
('45678174','Nadia','Ortiz','nadia.ortiz174@ucu.edu.uy'),
('45678175','Oscar','Peralta','oscar.peralta175@ucu.edu.uy'),
('45678176','Paula','Ramos','paula.ramos176@ucu.edu.uy'),
('45678177','Quimey','Guerra','quimey.guerra177@ucu.edu.uy'),
('45678178','Rocio','Fuentes','rocio.fuentes178@ucu.edu.uy'),
('45678179','Santiago','Miranda','santiago.miranda179@ucu.edu.uy'),
('45678180','Tamara','Cardozo','tamara.cardozo180@ucu.edu.uy'),
('45678181','Ana','Gomez','ana.gomez181@ucu.edu.uy'),
('45678182','Bruno','Pereira','bruno.pereira182@ucu.edu.uy'),
('45678183','Camila','Rodriguez','camila.rodriguez183@ucu.edu.uy'),
('45678184','Diego','Fernandez','diego.fernandez184@ucu.edu.uy'),
('45678185','Elena','Lopez','elena.lopez185@ucu.edu.uy'),
('45678186','Felipe','Silva','felipe.silva186@ucu.edu.uy'),
('45678187','Gabriel','Martinez','gabriel.martinez187@ucu.edu.uy'),
('45678188','Helena','Sosa','helena.sosa188@ucu.edu.uy'),
('45678189','Ivan','Castro','ivan.castro189@ucu.edu.uy'),
('45678190','Julia','Suarez','julia.suarez190@ucu.edu.uy'),
('45678191','Kevin','Ruiz','kevin.ruiz191@ucu.edu.uy'),
('45678192','Laura','Acosta','laura.acosta192@ucu.edu.uy'),
('45678193','Martin','Molina','martin.molina193@ucu.edu.uy'),
('45678194','Nadia','Ortiz','nadia.ortiz194@ucu.edu.uy'),
('45678195','Oscar','Peralta','oscar.peralta195@ucu.edu.uy'),
('45678196','Paula','Ramos','paula.ramos196@ucu.edu.uy'),
('45678197','Quimey','Guerra','quimey.guerra197@ucu.edu.uy'),
('45678198','Rocio','Fuentes','rocio.fuentes198@ucu.edu.uy'),
('45678199','Santiago','Miranda','santiago.miranda199@ucu.edu.uy'),
('45678200','Tamara','Cardozo','tamara.cardozo200@ucu.edu.uy');


-- Programas y roles
INSERT INTO participante_programa_academico (ci_participante, id_programa, rol) VALUES
('45678001', 1, 'alumno'),
('45678002', 2, 'alumno'),
('45678003', 3, 'docente'),
('45678004', 4, 'alumno'),
('45678005', 1, 'alumno'),
('45678006', 2, 'alumno'),
('45678007', 3, 'docente'),
('45678008', 4, 'alumno'),
('45678009', 1, 'alumno'),
('45678010', 2, 'alumno'),
('45678011', 3, 'docente'),
('45678012', 4, 'alumno'),
('45678013', 1, 'alumno'),
('45678014', 2, 'alumno'),
('45678015', 3, 'docente'),
('45678016', 4, 'alumno'),
('45678017', 1, 'alumno'),
('45678018', 2, 'alumno'),
('45678019', 3, 'docente'),
('45678020', 4, 'alumno'),
('45678021', 1, 'alumno'),
('45678022', 2, 'alumno'),
('45678023', 3, 'docente'),
('45678024', 4, 'alumno'),
('45678025', 1, 'alumno'),
('45678026', 2, 'alumno'),
('45678027', 3, 'docente'),
('45678028', 4, 'alumno'),
('45678029', 1, 'alumno'),
('45678030', 2, 'alumno'),
('45678031', 3, 'docente'),
('45678032', 4, 'alumno'),
('45678033', 1, 'alumno'),
('45678034', 2, 'alumno'),
('45678035', 3, 'docente'),
('45678036', 4, 'alumno'),
('45678037', 1, 'alumno'),
('45678038', 2, 'alumno'),
('45678039', 3, 'docente'),
('45678040', 4, 'alumno'),
('45678041', 1, 'alumno'),
('45678042', 2, 'alumno'),
('45678043', 3, 'docente'),
('45678044', 4, 'alumno'),
('45678045', 1, 'alumno'),
('45678046', 2, 'alumno'),
('45678047', 3, 'docente'),
('45678048', 4, 'alumno'),
('45678049', 1, 'alumno'),
('45678050', 2, 'alumno'),
('45678051', 3, 'docente'),
('45678052', 4, 'alumno'),
('45678053', 1, 'alumno'),
('45678054', 2, 'alumno'),
('45678055', 3, 'docente'),
('45678056', 4, 'alumno'),
('45678057', 1, 'alumno'),
('45678058', 2, 'alumno'),
('45678059', 3, 'docente'),
('45678060', 4, 'alumno'),
('45678061', 1, 'alumno'),
('45678062', 2, 'alumno'),
('45678063', 3, 'docente'),
('45678064', 4, 'alumno'),
('45678065', 1, 'alumno'),
('45678066', 2, 'alumno'),
('45678067', 3, 'docente'),
('45678068', 4, 'alumno'),
('45678069', 1, 'alumno'),
('45678070', 2, 'alumno'),
('45678071', 3, 'docente'),
('45678072', 4, 'alumno'),
('45678073', 1, 'alumno'),
('45678074', 2, 'alumno'),
('45678075', 3, 'docente'),
('45678076', 4, 'alumno'),
('45678077', 1, 'alumno'),
('45678078', 2, 'alumno'),
('45678079', 3, 'docente'),
('45678080', 4, 'alumno'),
('45678081', 1, 'alumno'),
('45678082', 2, 'alumno'),
('45678083', 3, 'docente'),
('45678084', 4, 'alumno'),
('45678085', 1, 'alumno'),
('45678086', 2, 'alumno'),
('45678087', 3, 'docente'),
('45678088', 4, 'alumno'),
('45678089', 1, 'alumno'),
('45678090', 2, 'alumno'),
('45678091', 3, 'docente'),
('45678092', 4, 'alumno'),
('45678093', 1, 'alumno'),
('45678094', 2, 'alumno'),
('45678095', 3, 'docente'),
('45678096', 4, 'alumno'),
('45678097', 1, 'alumno'),
('45678098', 2, 'alumno'),
('45678099', 3, 'docente'),
('45678100', 4, 'alumno'),
('45678101', 1, 'alumno'),
('45678102', 2, 'alumno'),
('45678103', 3, 'docente'),
('45678104', 4, 'alumno'),
('45678105', 1, 'alumno'),
('45678106', 2, 'alumno'),
('45678107', 3, 'docente'),
('45678108', 4, 'alumno'),
('45678109', 1, 'alumno'),
('45678110', 2, 'alumno'),
('45678111', 3, 'docente'),
('45678112', 4, 'alumno'),
('45678113', 1, 'alumno'),
('45678114', 2, 'alumno'),
('45678115', 3, 'docente'),
('45678116', 4, 'alumno'),
('45678117', 1, 'alumno'),
('45678118', 2, 'alumno'),
('45678119', 3, 'docente'),
('45678120', 4, 'alumno'),
('45678121', 1, 'alumno'),
('45678122', 2, 'alumno'),
('45678123', 3, 'docente'),
('45678124', 4, 'alumno'),
('45678125', 1, 'alumno'),
('45678126', 2, 'alumno'),
('45678127', 3, 'docente'),
('45678128', 4, 'alumno'),
('45678129', 1, 'alumno'),
('45678130', 2, 'alumno'),
('45678131', 3, 'docente'),
('45678132', 4, 'alumno'),
('45678133', 1, 'alumno'),
('45678134', 2, 'alumno'),
('45678135', 3, 'docente'),
('45678136', 4, 'alumno'),
('45678137', 1, 'alumno'),
('45678138', 2, 'alumno'),
('45678139', 3, 'docente'),
('45678140', 4, 'alumno'),
('45678141', 1, 'alumno'),
('45678142', 2, 'alumno'),
('45678143', 3, 'docente'),
('45678144', 4, 'alumno'),
('45678145', 1, 'alumno'),
('45678146', 2, 'alumno'),
('45678147', 3, 'docente'),
('45678148', 4, 'alumno'),
('45678149', 1, 'alumno'),
('45678150', 2, 'alumno'),
('45678151', 3, 'docente'),
('45678152', 4, 'alumno'),
('45678153', 1, 'alumno'),
('45678154', 2, 'alumno'),
('45678155', 3, 'docente'),
('45678156', 4, 'alumno'),
('45678157', 1, 'alumno'),
('45678158', 2, 'alumno'),
('45678159', 3, 'docente'),
('45678160', 4, 'alumno'),
('45678161', 1, 'alumno'),
('45678162', 2, 'alumno'),
('45678163', 3, 'docente'),
('45678164', 4, 'alumno'),
('45678165', 1, 'alumno'),
('45678166', 2, 'alumno'),
('45678167', 3, 'docente'),
('45678168', 4, 'alumno'),
('45678169', 1, 'alumno'),
('45678170', 2, 'alumno'),
('45678171', 3, 'docente'),
('45678172', 4, 'alumno'),
('45678173', 1, 'alumno'),
('45678174', 2, 'alumno'),
('45678175', 3, 'docente'),
('45678176', 4, 'alumno'),
('45678177', 1, 'alumno'),
('45678178', 2, 'alumno'),
('45678179', 3, 'docente'),
('45678180', 4, 'alumno'),
('45678181', 1, 'alumno'),
('45678182', 2, 'alumno'),
('45678183', 3, 'docente'),
('45678184', 4, 'alumno'),
('45678185', 1, 'alumno'),
('45678186', 2, 'alumno'),
('45678187', 3, 'docente'),
('45678188', 4, 'alumno'),
('45678189', 1, 'alumno'),
('45678190', 2, 'alumno'),
('45678191', 3, 'docente'),
('45678192', 4, 'alumno'),
('45678193', 1, 'alumno'),
('45678194', 2, 'alumno'),
('45678195', 3, 'docente'),
('45678196', 4, 'alumno'),
('45678197', 1, 'alumno'),
('45678198', 2, 'alumno'),
('45678199', 3, 'docente'),
('45678200', 4, 'alumno');


-- Logins (passwords se guardan hasheadas)
INSERT INTO login (correo, password_hash, ci_participante) VALUES
('ana.gomez001@ucu.edu.uy','c1ea922bc882d3586346a63d47660230731014e9fc52e3641aee8ec0123c20e4','45678001'),
('bruno.pereira002@ucu.edu.uy','c1ea922bc882d3586346a63d47660230731014e9fc52e3641aee8ec0123c20e4','45678002'),
('camila.rodriguez003@ucu.edu.uy','c1ea922bc882d3586346a63d47660230731014e9fc52e3641aee8ec0123c20e4','45678003'),
('diego.fernandez004@ucu.edu.uy','c1ea922bc882d3586346a63d47660230731014e9fc52e3641aee8ec0123c20e4','45678004'),
('elena.lopez005@ucu.edu.uy','c1ea922bc882d3586346a63d47660230731014e9fc52e3641aee8ec0123c20e4','45678005'),
('felipe.silva006@ucu.edu.uy','c1ea922bc882d3586346a63d47660230731014e9fc52e3641aee8ec0123c20e4','45678006'),
('gabriel.martinez007@ucu.edu.uy','c1ea922bc882d3586346a63d47660230731014e9fc52e3641aee8ec0123c20e4','45678007'),
('helena.sosa008@ucu.edu.uy','c1ea922bc882d3586346a63d47660230731014e9fc52e3641aee8ec0123c20e4','45678008'),
('ivan.castro009@ucu.edu.uy','c1ea922bc882d3586346a63d47660230731014e9fc52e3641aee8ec0123c20e4','45678009'),
('julia.suarez010@ucu.edu.uy','c1ea922bc882d3586346a63d47660230731014e9fc52e3641aee8ec0123c20e4','45678010'),
('kevin.ruiz011@ucu.edu.uy','c1ea922bc882d3586346a63d47660230731014e9fc52e3641aee8ec0123c20e4','45678011'),
('laura.acosta012@ucu.edu.uy','c1ea922bc882d3586346a63d47660230731014e9fc52e3641aee8ec0123c20e4','45678012'),
('martin.molina013@ucu.edu.uy','c1ea922bc882d3586346a63d47660230731014e9fc52e3641aee8ec0123c20e4','45678013'),
('nadia.ortiz014@ucu.edu.uy','c1ea922bc882d3586346a63d47660230731014e9fc52e3641aee8ec0123c20e4','45678014'),
('oscar.peralta015@ucu.edu.uy','c1ea922bc882d3586346a63d47660230731014e9fc52e3641aee8ec0123c20e4','45678015'),
('paula.ramos016@ucu.edu.uy','c1ea922bc882d3586346a63d47660230731014e9fc52e3641aee8ec0123c20e4','45678016'),
('quimey.guerra017@ucu.edu.uy','c1ea922bc882d3586346a63d47660230731014e9fc52e3641aee8ec0123c20e4','45678017'),
('rocio.fuentes018@ucu.edu.uy','c1ea922bc882d3586346a63d47660230731014e9fc52e3641aee8ec0123c20e4','45678018'),
('santiago.miranda019@ucu.edu.uy','c1ea922bc882d3586346a63d47660230731014e9fc52e3641aee8ec0123c20e4','45678019'),
('tamara.cardozo020@ucu.edu.uy','c1ea922bc882d3586346a63d47660230731014e9fc52e3641aee8ec0123c20e4','45678020'),
('ana.gomez021@ucu.edu.uy','c1ea922bc882d3586346a63d47660230731014e9fc52e3641aee8ec0123c20e4','45678021'),
('bruno.pereira022@ucu.edu.uy','c1ea922bc882d3586346a63d47660230731014e9fc52e3641aee8ec0123c20e4','45678022'),
('camila.rodriguez023@ucu.edu.uy','c1ea922bc882d3586346a63d47660230731014e9fc52e3641aee8ec0123c20e4','45678023'),
('diego.fernandez024@ucu.edu.uy','c1ea922bc882d3586346a63d47660230731014e9fc52e3641aee8ec0123c20e4','45678024'),
('elena.lopez025@ucu.edu.uy','c1ea922bc882d3586346a63d47660230731014e9fc52e3641aee8ec0123c20e4','45678025'),
('felipe.silva026@ucu.edu.uy','c1ea922bc882d3586346a63d47660230731014e9fc52e3641aee8ec0123c20e4','45678026'),
('gabriel.martinez027@ucu.edu.uy','c1ea922bc882d3586346a63d47660230731014e9fc52e3641aee8ec0123c20e4','45678027'),
('helena.sosa028@ucu.edu.uy','c1ea922bc882d3586346a63d47660230731014e9fc52e3641aee8ec0123c20e4','45678028'),
('ivan.castro029@ucu.edu.uy','c1ea922bc882d3586346a63d47660230731014e9fc52e3641aee8ec0123c20e4','45678029'),
('julia.suarez030@ucu.edu.uy','c1ea922bc882d3586346a63d47660230731014e9fc52e3641aee8ec0123c20e4','45678030'),
('kevin.ruiz031@ucu.edu.uy','c1ea922bc882d3586346a63d47660230731014e9fc52e3641aee8ec0123c20e4','45678031'),
('laura.acosta032@ucu.edu.uy','c1ea922bc882d3586346a63d47660230731014e9fc52e3641aee8ec0123c20e4','45678032'),
('martin.molina033@ucu.edu.uy','c1ea922bc882d3586346a63d47660230731014e9fc52e3641aee8ec0123c20e4','45678033'),
('nadia.ortiz034@ucu.edu.uy','c1ea922bc882d3586346a63d47660230731014e9fc52e3641aee8ec0123c20e4','45678034'),
('oscar.peralta035@ucu.edu.uy','c1ea922bc882d3586346a63d47660230731014e9fc52e3641aee8ec0123c20e4','45678035'),
('paula.ramos036@ucu.edu.uy','c1ea922bc882d3586346a63d47660230731014e9fc52e3641aee8ec0123c20e4','45678036'),
('quimey.guerra037@ucu.edu.uy','c1ea922bc882d3586346a63d47660230731014e9fc52e3641aee8ec0123c20e4','45678037'),
('rocio.fuentes038@ucu.edu.uy','c1ea922bc882d3586346a63d47660230731014e9fc52e3641aee8ec0123c20e4','45678038'),
('santiago.miranda039@ucu.edu.uy','c1ea922bc882d3586346a63d47660230731014e9fc52e3641aee8ec0123c20e4','45678039'),
('tamara.cardozo040@ucu.edu.uy','c1ea922bc882d3586346a63d47660230731014e9fc52e3641aee8ec0123c20e4','45678040'),
('ana.gomez041@ucu.edu.uy','c1ea922bc882d3586346a63d47660230731014e9fc52e3641aee8ec0123c20e4','45678041'),
('bruno.pereira042@ucu.edu.uy','c1ea922bc882d3586346a63d47660230731014e9fc52e3641aee8ec0123c20e4','45678042'),
('camila.rodriguez043@ucu.edu.uy','c1ea922bc882d3586346a63d47660230731014e9fc52e3641aee8ec0123c20e4','45678043'),
('diego.fernandez044@ucu.edu.uy','c1ea922bc882d3586346a63d47660230731014e9fc52e3641aee8ec0123c20e4','45678044'),
('elena.lopez045@ucu.edu.uy','c1ea922bc882d3586346a63d47660230731014e9fc52e3641aee8ec0123c20e4','45678045'),
('felipe.silva046@ucu.edu.uy','c1ea922bc882d3586346a63d47660230731014e9fc52e3641aee8ec0123c20e4','45678046'),
('gabriel.martinez047@ucu.edu.uy','c1ea922bc882d3586346a63d47660230731014e9fc52e3641aee8ec0123c20e4','45678047'),
('helena.sosa048@ucu.edu.uy','c1ea922bc882d3586346a63d47660230731014e9fc52e3641aee8ec0123c20e4','45678048'),
('ivan.castro049@ucu.edu.uy','c1ea922bc882d3586346a63d47660230731014e9fc52e3641aee8ec0123c20e4','45678049'),
('julia.suarez050@ucu.edu.uy','c1ea922bc882d3586346a63d47660230731014e9fc52e3641aee8ec0123c20e4','45678050'),
('kevin.ruiz051@ucu.edu.uy','c1ea922bc882d3586346a63d47660230731014e9fc52e3641aee8ec0123c20e4','45678051'),
('laura.acosta052@ucu.edu.uy','c1ea922bc882d3586346a63d47660230731014e9fc52e3641aee8ec0123c20e4','45678052'),
('martin.molina053@ucu.edu.uy','c1ea922bc882d3586346a63d47660230731014e9fc52e3641aee8ec0123c20e4','45678053'),
('nadia.ortiz054@ucu.edu.uy','c1ea922bc882d3586346a63d47660230731014e9fc52e3641aee8ec0123c20e4','45678054'),
('oscar.peralta055@ucu.edu.uy','c1ea922bc882d3586346a63d47660230731014e9fc52e3641aee8ec0123c20e4','45678055'),
('paula.ramos056@ucu.edu.uy','c1ea922bc882d3586346a63d47660230731014e9fc52e3641aee8ec0123c20e4','45678056'),
('quimey.guerra057@ucu.edu.uy','c1ea922bc882d3586346a63d47660230731014e9fc52e3641aee8ec0123c20e4','45678057'),
('rocio.fuentes058@ucu.edu.uy','c1ea922bc882d3586346a63d47660230731014e9fc52e3641aee8ec0123c20e4','45678058'),
('santiago.miranda059@ucu.edu.uy','c1ea922bc882d3586346a63d47660230731014e9fc52e3641aee8ec0123c20e4','45678059'),
('tamara.cardozo060@ucu.edu.uy','c1ea922bc882d3586346a63d47660230731014e9fc52e3641aee8ec0123c20e4','45678060'),
('ana.gomez061@ucu.edu.uy','c1ea922bc882d3586346a63d47660230731014e9fc52e3641aee8ec0123c20e4','45678061'),
('bruno.pereira062@ucu.edu.uy','c1ea922bc882d3586346a63d47660230731014e9fc52e3641aee8ec0123c20e4','45678062'),
('camila.rodriguez063@ucu.edu.uy','c1ea922bc882d3586346a63d47660230731014e9fc52e3641aee8ec0123c20e4','45678063'),
('diego.fernandez064@ucu.edu.uy','c1ea922bc882d3586346a63d47660230731014e9fc52e3641aee8ec0123c20e4','45678064'),
('elena.lopez065@ucu.edu.uy','c1ea922bc882d3586346a63d47660230731014e9fc52e3641aee8ec0123c20e4','45678065'),
('felipe.silva066@ucu.edu.uy','c1ea922bc882d3586346a63d47660230731014e9fc52e3641aee8ec0123c20e4','45678066'),
('gabriel.martinez067@ucu.edu.uy','c1ea922bc882d3586346a63d47660230731014e9fc52e3641aee8ec0123c20e4','45678067'),
('helena.sosa068@ucu.edu.uy','c1ea922bc882d3586346a63d47660230731014e9fc52e3641aee8ec0123c20e4','45678068'),
('ivan.castro069@ucu.edu.uy','c1ea922bc882d3586346a63d47660230731014e9fc52e3641aee8ec0123c20e4','45678069'),
('julia.suarez070@ucu.edu.uy','c1ea922bc882d3586346a63d47660230731014e9fc52e3641aee8ec0123c20e4','45678070'),
('kevin.ruiz071@ucu.edu.uy','c1ea922bc882d3586346a63d47660230731014e9fc52e3641aee8ec0123c20e4','45678071'),
('laura.acosta072@ucu.edu.uy','c1ea922bc882d3586346a63d47660230731014e9fc52e3641aee8ec0123c20e4','45678072'),
('martin.molina073@ucu.edu.uy','c1ea922bc882d3586346a63d47660230731014e9fc52e3641aee8ec0123c20e4','45678073'),
('nadia.ortiz074@ucu.edu.uy','c1ea922bc882d3586346a63d47660230731014e9fc52e3641aee8ec0123c20e4','45678074'),
('oscar.peralta075@ucu.edu.uy','c1ea922bc882d3586346a63d47660230731014e9fc52e3641aee8ec0123c20e4','45678075'),
('paula.ramos076@ucu.edu.uy','c1ea922bc882d3586346a63d47660230731014e9fc52e3641aee8ec0123c20e4','45678076'),
('quimey.guerra077@ucu.edu.uy','c1ea922bc882d3586346a63d47660230731014e9fc52e3641aee8ec0123c20e4','45678077'),
('rocio.fuentes078@ucu.edu.uy','c1ea922bc882d3586346a63d47660230731014e9fc52e3641aee8ec0123c20e4','45678078'),
('santiago.miranda079@ucu.edu.uy','c1ea922bc882d3586346a63d47660230731014e9fc52e3641aee8ec0123c20e4','45678079'),
('tamara.cardozo080@ucu.edu.uy','c1ea922bc882d3586346a63d47660230731014e9fc52e3641aee8ec0123c20e4','45678080'),
('ana.gomez081@ucu.edu.uy','c1ea922bc882d3586346a63d47660230731014e9fc52e3641aee8ec0123c20e4','45678081'),
('bruno.pereira082@ucu.edu.uy','c1ea922bc882d3586346a63d47660230731014e9fc52e3641aee8ec0123c20e4','45678082'),
('camila.rodriguez083@ucu.edu.uy','c1ea922bc882d3586346a63d47660230731014e9fc52e3641aee8ec0123c20e4','45678083'),
('diego.fernandez084@ucu.edu.uy','c1ea922bc882d3586346a63d47660230731014e9fc52e3641aee8ec0123c20e4','45678084'),
('elena.lopez085@ucu.edu.uy','c1ea922bc882d3586346a63d47660230731014e9fc52e3641aee8ec0123c20e4','45678085'),
('felipe.silva086@ucu.edu.uy','c1ea922bc882d3586346a63d47660230731014e9fc52e3641aee8ec0123c20e4','45678086'),
('gabriel.martinez087@ucu.edu.uy','c1ea922bc882d3586346a63d47660230731014e9fc52e3641aee8ec0123c20e4','45678087'),
('helena.sosa088@ucu.edu.uy','c1ea922bc882d3586346a63d47660230731014e9fc52e3641aee8ec0123c20e4','45678088'),
('ivan.castro089@ucu.edu.uy','c1ea922bc882d3586346a63d47660230731014e9fc52e3641aee8ec0123c20e4','45678089'),
('julia.suarez090@ucu.edu.uy','c1ea922bc882d3586346a63d47660230731014e9fc52e3641aee8ec0123c20e4','45678090'),
('kevin.ruiz091@ucu.edu.uy','c1ea922bc882d3586346a63d47660230731014e9fc52e3641aee8ec0123c20e4','45678091'),
('laura.acosta092@ucu.edu.uy','c1ea922bc882d3586346a63d47660230731014e9fc52e3641aee8ec0123c20e4','45678092'),
('martin.molina093@ucu.edu.uy','c1ea922bc882d3586346a63d47660230731014e9fc52e3641aee8ec0123c20e4','45678093'),
('nadia.ortiz094@ucu.edu.uy','c1ea922bc882d3586346a63d47660230731014e9fc52e3641aee8ec0123c20e4','45678094'),
('oscar.peralta095@ucu.edu.uy','c1ea922bc882d3586346a63d47660230731014e9fc52e3641aee8ec0123c20e4','45678095'),
('paula.ramos096@ucu.edu.uy','c1ea922bc882d3586346a63d47660230731014e9fc52e3641aee8ec0123c20e4','45678096'),
('quimey.guerra097@ucu.edu.uy','c1ea922bc882d3586346a63d47660230731014e9fc52e3641aee8ec0123c20e4','45678097'),
('rocio.fuentes098@ucu.edu.uy','c1ea922bc882d3586346a63d47660230731014e9fc52e3641aee8ec0123c20e4','45678098'),
('santiago.miranda099@ucu.edu.uy','c1ea922bc882d3586346a63d47660230731014e9fc52e3641aee8ec0123c20e4','45678099'),
('tamara.cardozo100@ucu.edu.uy','c1ea922bc882d3586346a63d47660230731014e9fc52e3641aee8ec0123c20e4','45678100'),
('ana.gomez101@ucu.edu.uy','c1ea922bc882d3586346a63d47660230731014e9fc52e3641aee8ec0123c20e4','45678101'),
('bruno.pereira102@ucu.edu.uy','c1ea922bc882d3586346a63d47660230731014e9fc52e3641aee8ec0123c20e4','45678102'),
('camila.rodriguez103@ucu.edu.uy','c1ea922bc882d3586346a63d47660230731014e9fc52e3641aee8ec0123c20e4','45678103'),
('diego.fernandez104@ucu.edu.uy','c1ea922bc882d3586346a63d47660230731014e9fc52e3641aee8ec0123c20e4','45678104'),
('elena.lopez105@ucu.edu.uy','c1ea922bc882d3586346a63d47660230731014e9fc52e3641aee8ec0123c20e4','45678105'),
('felipe.silva106@ucu.edu.uy','c1ea922bc882d3586346a63d47660230731014e9fc52e3641aee8ec0123c20e4','45678106'),
('gabriel.martinez107@ucu.edu.uy','c1ea922bc882d3586346a63d47660230731014e9fc52e3641aee8ec0123c20e4','45678107'),
('helena.sosa108@ucu.edu.uy','c1ea922bc882d3586346a63d47660230731014e9fc52e3641aee8ec0123c20e4','45678108'),
('ivan.castro109@ucu.edu.uy','c1ea922bc882d3586346a63d47660230731014e9fc52e3641aee8ec0123c20e4','45678109'),
('julia.suarez110@ucu.edu.uy','c1ea922bc882d3586346a63d47660230731014e9fc52e3641aee8ec0123c20e4','45678110'),
('kevin.ruiz111@ucu.edu.uy','c1ea922bc882d3586346a63d47660230731014e9fc52e3641aee8ec0123c20e4','45678111'),
('laura.acosta112@ucu.edu.uy','c1ea922bc882d3586346a63d47660230731014e9fc52e3641aee8ec0123c20e4','45678112'),
('martin.molina113@ucu.edu.uy','c1ea922bc882d3586346a63d47660230731014e9fc52e3641aee8ec0123c20e4','45678113'),
('nadia.ortiz114@ucu.edu.uy','c1ea922bc882d3586346a63d47660230731014e9fc52e3641aee8ec0123c20e4','45678114'),
('oscar.peralta115@ucu.edu.uy','c1ea922bc882d3586346a63d47660230731014e9fc52e3641aee8ec0123c20e4','45678115'),
('paula.ramos116@ucu.edu.uy','c1ea922bc882d3586346a63d47660230731014e9fc52e3641aee8ec0123c20e4','45678116'),
('quimey.guerra117@ucu.edu.uy','c1ea922bc882d3586346a63d47660230731014e9fc52e3641aee8ec0123c20e4','45678117'),
('rocio.fuentes118@ucu.edu.uy','c1ea922bc882d3586346a63d47660230731014e9fc52e3641aee8ec0123c20e4','45678118'),
('santiago.miranda119@ucu.edu.uy','c1ea922bc882d3586346a63d47660230731014e9fc52e3641aee8ec0123c20e4','45678119'),
('tamara.cardozo120@ucu.edu.uy','c1ea922bc882d3586346a63d47660230731014e9fc52e3641aee8ec0123c20e4','45678120'),
('ana.gomez121@ucu.edu.uy','c1ea922bc882d3586346a63d47660230731014e9fc52e3641aee8ec0123c20e4','45678121'),
('bruno.pereira122@ucu.edu.uy','c1ea922bc882d3586346a63d47660230731014e9fc52e3641aee8ec0123c20e4','45678122'),
('camila.rodriguez123@ucu.edu.uy','c1ea922bc882d3586346a63d47660230731014e9fc52e3641aee8ec0123c20e4','45678123'),
('diego.fernandez124@ucu.edu.uy','c1ea922bc882d3586346a63d47660230731014e9fc52e3641aee8ec0123c20e4','45678124'),
('elena.lopez125@ucu.edu.uy','c1ea922bc882d3586346a63d47660230731014e9fc52e3641aee8ec0123c20e4','45678125'),
('felipe.silva126@ucu.edu.uy','c1ea922bc882d3586346a63d47660230731014e9fc52e3641aee8ec0123c20e4','45678126'),
('gabriel.martinez127@ucu.edu.uy','c1ea922bc882d3586346a63d47660230731014e9fc52e3641aee8ec0123c20e4','45678127'),
('helena.sosa128@ucu.edu.uy','c1ea922bc882d3586346a63d47660230731014e9fc52e3641aee8ec0123c20e4','45678128'),
('ivan.castro129@ucu.edu.uy','c1ea922bc882d3586346a63d47660230731014e9fc52e3641aee8ec0123c20e4','45678129'),
('julia.suarez130@ucu.edu.uy','c1ea922bc882d3586346a63d47660230731014e9fc52e3641aee8ec0123c20e4','45678130'),
('kevin.ruiz131@ucu.edu.uy','c1ea922bc882d3586346a63d47660230731014e9fc52e3641aee8ec0123c20e4','45678131'),
('laura.acosta132@ucu.edu.uy','c1ea922bc882d3586346a63d47660230731014e9fc52e3641aee8ec0123c20e4','45678132'),
('martin.molina133@ucu.edu.uy','c1ea922bc882d3586346a63d47660230731014e9fc52e3641aee8ec0123c20e4','45678133'),
('nadia.ortiz134@ucu.edu.uy','c1ea922bc882d3586346a63d47660230731014e9fc52e3641aee8ec0123c20e4','45678134'),
('oscar.peralta135@ucu.edu.uy','c1ea922bc882d3586346a63d47660230731014e9fc52e3641aee8ec0123c20e4','45678135'),
('paula.ramos136@ucu.edu.uy','c1ea922bc882d3586346a63d47660230731014e9fc52e3641aee8ec0123c20e4','45678136'),
('quimey.guerra137@ucu.edu.uy','c1ea922bc882d3586346a63d47660230731014e9fc52e3641aee8ec0123c20e4','45678137'),
('rocio.fuentes138@ucu.edu.uy','c1ea922bc882d3586346a63d47660230731014e9fc52e3641aee8ec0123c20e4','45678138'),
('santiago.miranda139@ucu.edu.uy','c1ea922bc882d3586346a63d47660230731014e9fc52e3641aee8ec0123c20e4','45678139'),
('tamara.cardozo140@ucu.edu.uy','c1ea922bc882d3586346a63d47660230731014e9fc52e3641aee8ec0123c20e4','45678140'),
('ana.gomez141@ucu.edu.uy','c1ea922bc882d3586346a63d47660230731014e9fc52e3641aee8ec0123c20e4','45678141'),
('bruno.pereira142@ucu.edu.uy','c1ea922bc882d3586346a63d47660230731014e9fc52e3641aee8ec0123c20e4','45678142'),
('camila.rodriguez143@ucu.edu.uy','c1ea922bc882d3586346a63d47660230731014e9fc52e3641aee8ec0123c20e4','45678143'),
('diego.fernandez144@ucu.edu.uy','c1ea922bc882d3586346a63d47660230731014e9fc52e3641aee8ec0123c20e4','45678144'),
('elena.lopez145@ucu.edu.uy','c1ea922bc882d3586346a63d47660230731014e9fc52e3641aee8ec0123c20e4','45678145'),
('felipe.silva146@ucu.edu.uy','c1ea922bc882d3586346a63d47660230731014e9fc52e3641aee8ec0123c20e4','45678146'),
('gabriel.martinez147@ucu.edu.uy','c1ea922bc882d3586346a63d47660230731014e9fc52e3641aee8ec0123c20e4','45678147'),
('helena.sosa148@ucu.edu.uy','c1ea922bc882d3586346a63d47660230731014e9fc52e3641aee8ec0123c20e4','45678148'),
('ivan.castro149@ucu.edu.uy','c1ea922bc882d3586346a63d47660230731014e9fc52e3641aee8ec0123c20e4','45678149'),
('julia.suarez150@ucu.edu.uy','c1ea922bc882d3586346a63d47660230731014e9fc52e3641aee8ec0123c20e4','45678150'),
('kevin.ruiz151@ucu.edu.uy','c1ea922bc882d3586346a63d47660230731014e9fc52e3641aee8ec0123c20e4','45678151'),
('laura.acosta152@ucu.edu.uy','c1ea922bc882d3586346a63d47660230731014e9fc52e3641aee8ec0123c20e4','45678152'),
('martin.molina153@ucu.edu.uy','c1ea922bc882d3586346a63d47660230731014e9fc52e3641aee8ec0123c20e4','45678153'),
('nadia.ortiz154@ucu.edu.uy','c1ea922bc882d3586346a63d47660230731014e9fc52e3641aee8ec0123c20e4','45678154'),
('oscar.peralta155@ucu.edu.uy','c1ea922bc882d3586346a63d47660230731014e9fc52e3641aee8ec0123c20e4','45678155'),
('paula.ramos156@ucu.edu.uy','c1ea922bc882d3586346a63d47660230731014e9fc52e3641aee8ec0123c20e4','45678156'),
('quimey.guerra157@ucu.edu.uy','c1ea922bc882d3586346a63d47660230731014e9fc52e3641aee8ec0123c20e4','45678157'),
('rocio.fuentes158@ucu.edu.uy','c1ea922bc882d3586346a63d47660230731014e9fc52e3641aee8ec0123c20e4','45678158'),
('santiago.miranda159@ucu.edu.uy','c1ea922bc882d3586346a63d47660230731014e9fc52e3641aee8ec0123c20e4','45678159'),
('tamara.cardozo160@ucu.edu.uy','c1ea922bc882d3586346a63d47660230731014e9fc52e3641aee8ec0123c20e4','45678160'),
('ana.gomez161@ucu.edu.uy','c1ea922bc882d3586346a63d47660230731014e9fc52e3641aee8ec0123c20e4','45678161'),
('bruno.pereira162@ucu.edu.uy','c1ea922bc882d3586346a63d47660230731014e9fc52e3641aee8ec0123c20e4','45678162'),
('camila.rodriguez163@ucu.edu.uy','c1ea922bc882d3586346a63d47660230731014e9fc52e3641aee8ec0123c20e4','45678163'),
('diego.fernandez164@ucu.edu.uy','c1ea922bc882d3586346a63d47660230731014e9fc52e3641aee8ec0123c20e4','45678164'),
('elena.lopez165@ucu.edu.uy','c1ea922bc882d3586346a63d47660230731014e9fc52e3641aee8ec0123c20e4','45678165'),
('felipe.silva166@ucu.edu.uy','c1ea922bc882d3586346a63d47660230731014e9fc52e3641aee8ec0123c20e4','45678166'),
('gabriel.martinez167@ucu.edu.uy','c1ea922bc882d3586346a63d47660230731014e9fc52e3641aee8ec0123c20e4','45678167'),
('helena.sosa168@ucu.edu.uy','c1ea922bc882d3586346a63d47660230731014e9fc52e3641aee8ec0123c20e4','45678168'),
('ivan.castro169@ucu.edu.uy','c1ea922bc882d3586346a63d47660230731014e9fc52e3641aee8ec0123c20e4','45678169'),
('julia.suarez170@ucu.edu.uy','c1ea922bc882d3586346a63d47660230731014e9fc52e3641aee8ec0123c20e4','45678170'),
('kevin.ruiz171@ucu.edu.uy','c1ea922bc882d3586346a63d47660230731014e9fc52e3641aee8ec0123c20e4','45678171'),
('laura.acosta172@ucu.edu.uy','c1ea922bc882d3586346a63d47660230731014e9fc52e3641aee8ec0123c20e4','45678172'),
('martin.molina173@ucu.edu.uy','c1ea922bc882d3586346a63d47660230731014e9fc52e3641aee8ec0123c20e4','45678173'),
('nadia.ortiz174@ucu.edu.uy','c1ea922bc882d3586346a63d47660230731014e9fc52e3641aee8ec0123c20e4','45678174'),
('oscar.peralta175@ucu.edu.uy','c1ea922bc882d3586346a63d47660230731014e9fc52e3641aee8ec0123c20e4','45678175'),
('paula.ramos176@ucu.edu.uy','c1ea922bc882d3586346a63d47660230731014e9fc52e3641aee8ec0123c20e4','45678176'),
('quimey.guerra177@ucu.edu.uy','c1ea922bc882d3586346a63d47660230731014e9fc52e3641aee8ec0123c20e4','45678177'),
('rocio.fuentes178@ucu.edu.uy','c1ea922bc882d3586346a63d47660230731014e9fc52e3641aee8ec0123c20e4','45678178'),
('santiago.miranda179@ucu.edu.uy','c1ea922bc882d3586346a63d47660230731014e9fc52e3641aee8ec0123c20e4','45678179'),
('tamara.cardozo180@ucu.edu.uy','c1ea922bc882d3586346a63d47660230731014e9fc52e3641aee8ec0123c20e4','45678180'),
('ana.gomez181@ucu.edu.uy','c1ea922bc882d3586346a63d47660230731014e9fc52e3641aee8ec0123c20e4','45678181'),
('bruno.pereira182@ucu.edu.uy','c1ea922bc882d3586346a63d47660230731014e9fc52e3641aee8ec0123c20e4','45678182'),
('camila.rodriguez183@ucu.edu.uy','c1ea922bc882d3586346a63d47660230731014e9fc52e3641aee8ec0123c20e4','45678183'),
('diego.fernandez184@ucu.edu.uy','c1ea922bc882d3586346a63d47660230731014e9fc52e3641aee8ec0123c20e4','45678184'),
('elena.lopez185@ucu.edu.uy','c1ea922bc882d3586346a63d47660230731014e9fc52e3641aee8ec0123c20e4','45678185'),
('felipe.silva186@ucu.edu.uy','c1ea922bc882d3586346a63d47660230731014e9fc52e3641aee8ec0123c20e4','45678186'),
('gabriel.martinez187@ucu.edu.uy','c1ea922bc882d3586346a63d47660230731014e9fc52e3641aee8ec0123c20e4','45678187'),
('helena.sosa188@ucu.edu.uy','c1ea922bc882d3586346a63d47660230731014e9fc52e3641aee8ec0123c20e4','45678188'),
('ivan.castro189@ucu.edu.uy','c1ea922bc882d3586346a63d47660230731014e9fc52e3641aee8ec0123c20e4','45678189'),
('julia.suarez190@ucu.edu.uy','c1ea922bc882d3586346a63d47660230731014e9fc52e3641aee8ec0123c20e4','45678190'),
('kevin.ruiz191@ucu.edu.uy','c1ea922bc882d3586346a63d47660230731014e9fc52e3641aee8ec0123c20e4','45678191'),
('laura.acosta192@ucu.edu.uy','c1ea922bc882d3586346a63d47660230731014e9fc52e3641aee8ec0123c20e4','45678192'),
('martin.molina193@ucu.edu.uy','c1ea922bc882d3586346a63d47660230731014e9fc52e3641aee8ec0123c20e4','45678193'),
('nadia.ortiz194@ucu.edu.uy','c1ea922bc882d3586346a63d47660230731014e9fc52e3641aee8ec0123c20e4','45678194'),
('oscar.peralta195@ucu.edu.uy','c1ea922bc882d3586346a63d47660230731014e9fc52e3641aee8ec0123c20e4','45678195'),
('paula.ramos196@ucu.edu.uy','c1ea922bc882d3586346a63d47660230731014e9fc52e3641aee8ec0123c20e4','45678196'),
('quimey.guerra197@ucu.edu.uy','c1ea922bc882d3586346a63d47660230731014e9fc52e3641aee8ec0123c20e4','45678197'),
('rocio.fuentes198@ucu.edu.uy','c1ea922bc882d3586346a63d47660230731014e9fc52e3641aee8ec0123c20e4','45678198'),
('santiago.miranda199@ucu.edu.uy','c1ea922bc882d3586346a63d47660230731014e9fc52e3641aee8ec0123c20e4','45678199'),
('tamara.cardozo200@ucu.edu.uy','c1ea922bc882d3586346a63d47660230731014e9fc52e3641aee8ec0123c20e4','45678200');